{"cameraMode":{"drawMode":0,"name":"Shaded","section":"Shading Mode"},"sceneLighting":false,"audioPlay":false,"sceneViewState":{"showFog":true,"showMaterialUpdate":true,"showSkybox":false,"showFlares":true,"showImageEffects":true,"showParticleSystems":true},"in2DMode":false,"pivot":{"x":0.06499981880187988,"y":-0.06500005722045899,"z":2.934999942779541},"rotation":{"x":0.4039927124977112,"y":0.17124825716018678,"z":-0.07727702707052231,"w":0.8952611088752747},"size":8.669053077697754,"orthographic":true}