{"cameraMode":{"drawMode":0,"name":"Shaded","section":"Shading Mode"},"sceneLighting":true,"audioPlay":false,"sceneViewState":{"showFog":true,"showMaterialUpdate":true,"showSkybox":true,"showFlares":true,"showImageEffects":true,"showParticleSystems":true},"in2DMode":false,"pivot":{"x":-1846.499755859375,"y":-389.8724365234375,"z":704.7652587890625},"rotation":{"x":0.05404091253876686,"y":-0.7050387263298035,"z":0.05404094234108925,"w":0.7050387263298035},"size":1247.626708984375,"orthographic":false}