{"cameraMode":{"drawMode":0,"name":"Shaded","section":"Shading Mode"},"sceneLighting":false,"audioPlay":false,"sceneViewState":{"showFog":false,"showMaterialUpdate":false,"showSkybox":false,"showFlares":false,"showImageEffects":false,"showParticleSystems":false},"in2DMode":false,"pivot":{"x":0.00060272216796875,"y":0.42535400390625,"z":-0.0000152587890625},"rotation":{"x":0.12104383856058121,"y":-0.05211350694298744,"z":0.0062205675058066849,"w":0.9912914037704468},"size":122.09225463867188,"orthographic":true}