{"cameraMode":{"drawMode":0,"name":"Shaded","section":"Shading Mode"},"sceneLighting":false,"audioPlay":false,"sceneViewState":{"showFog":false,"showMaterialUpdate":false,"showSkybox":false,"showFlares":false,"showImageEffects":false,"showParticleSystems":false},"in2DMode":false,"pivot":{"x":78.55734252929688,"y":-4.41510009765625,"z":-586.1382446289063},"rotation":{"x":0.19117684662342072,"y":-0.43031927943229678,"z":0.0936083272099495,"w":0.8772552609443665},"size":121.2435531616211,"orthographic":true}