{"cameraMode":{"drawMode":0,"name":"Shaded","section":"Shading Mode"},"sceneLighting":false,"audioPlay":false,"sceneViewState":{"showFog":false,"showMaterialUpdate":false,"showSkybox":false,"showFlares":false,"showImageEffects":false,"showParticleSystems":false},"in2DMode":false,"pivot":{"x":63.9346809387207,"y":-10.047500610351563,"z":-549.4551391601563},"rotation":{"x":0.10868121683597565,"y":0.005964286625385284,"z":-0.0006517648580484092,"w":0.9940580129623413},"size":122.09225463867188,"orthographic":true}