{"cameraMode":{"drawMode":0,"name":"Shaded","section":"Shading Mode"},"sceneLighting":false,"audioPlay":false,"sceneViewState":{"showFog":true,"showMaterialUpdate":true,"showSkybox":true,"showFlares":true,"showImageEffects":true,"showParticleSystems":true},"in2DMode":false,"pivot":{"x":-0.11667633056640625,"y":0.020064353942871095,"z":3.34039306640625},"rotation":{"x":0.011468774639070034,"y":0.923384964466095,"z":-0.38280829787254336,"w":0.02805941551923752},"size":445.78582763671877,"orthographic":true}