{"cameraMode":{"drawMode":0,"name":"Shaded","section":"Shading Mode"},"sceneLighting":false,"audioPlay":false,"sceneViewState":{"showFog":true,"showMaterialUpdate":true,"showSkybox":true,"showFlares":true,"showImageEffects":true,"showParticleSystems":true},"in2DMode":false,"pivot":{"x":101.15821075439453,"y":-9.571029663085938,"z":-632.1109619140625},"rotation":{"x":0.011468774639070034,"y":0.923384964466095,"z":-0.38280829787254336,"w":0.02805941551923752},"size":18.667808532714845,"orthographic":true}