{"cameraMode":{"drawMode":0,"name":"Shaded","section":"Shading Mode"},"sceneLighting":false,"audioPlay":false,"sceneViewState":{"showFog":false,"showMaterialUpdate":false,"showSkybox":false,"showFlares":false,"showImageEffects":false,"showParticleSystems":false},"in2DMode":false,"pivot":{"x":-5.130000114440918,"y":2.6050000190734865,"z":-3.515000104904175},"rotation":{"x":0.34347331523895266,"y":-0.11510807275772095,"z":0.04246150702238083,"w":0.9311140179634094},"size":7.143342971801758,"orthographic":false}