{"cameraMode":{"drawMode":0,"name":"Shaded","section":"Shading Mode"},"sceneLighting":true,"audioPlay":false,"sceneViewState":{"showFog":true,"showMaterialUpdate":true,"showSkybox":true,"showFlares":true,"showImageEffects":true,"showParticleSystems":true},"in2DMode":false,"pivot":{"x":183.27328491210938,"y":39.83000183105469,"z":83.611572265625},"rotation":{"x":0.19156931340694428,"y":-0.03679587319493294,"z":0.00718721142038703,"w":0.9807629585266113},"size":330.1283264160156,"orthographic":false}