{"cameraMode":{"drawMode":0,"name":"Shaded","section":"Shading Mode"},"sceneLighting":false,"audioPlay":false,"sceneViewState":{"showFog":false,"showMaterialUpdate":false,"showSkybox":false,"showFlares":false,"showImageEffects":false,"showParticleSystems":false},"in2DMode":false,"pivot":{"x":0.0,"y":0.5000059604644775,"z":-5.960464477539063e-8},"rotation":{"x":0.2655732035636902,"y":0.08945394307374954,"z":-0.024907562881708146,"w":0.9596421718597412},"size":384.31756591796877,"orthographic":true}