{"cameraMode":{"drawMode":0,"name":"Shaded","section":"Shading Mode"},"sceneLighting":false,"audioPlay":false,"sceneViewState":{"showFog":true,"showMaterialUpdate":true,"showSkybox":false,"showFlares":true,"showImageEffects":true,"showParticleSystems":true},"in2DMode":false,"pivot":{"x":0.0005999952554702759,"y":0.07906652987003327,"z":-1.1920928955078126e-7},"rotation":{"x":0.15725821256637574,"y":-0.07694526761770249,"z":0.01229102723300457,"w":0.9844790101051331},"size":0.5250480771064758,"orthographic":true}