{"cameraMode":{"drawMode":0,"name":"Shaded","section":"Shading Mode"},"sceneLighting":true,"audioPlay":false,"sceneViewState":{"showFog":true,"showMaterialUpdate":true,"showSkybox":true,"showFlares":true,"showImageEffects":true,"showParticleSystems":true},"in2DMode":false,"pivot":{"x":102.9228515625,"y":-9.024726867675782,"z":-137.36810302734376},"rotation":{"x":0.19156931340694428,"y":-0.03679587319493294,"z":0.00718721142038703,"w":0.9807629585266113},"size":36.02145767211914,"orthographic":false}