{"cameraMode":{"drawMode":0,"name":"Shaded","section":"Shading Mode"},"sceneLighting":true,"audioPlay":false,"sceneViewState":{"showFog":true,"showMaterialUpdate":true,"showSkybox":true,"showFlares":true,"showImageEffects":true,"showParticleSystems":true},"in2DMode":false,"pivot":{"x":4.486719131469727,"y":-8.525971412658692,"z":169.67694091796876},"rotation":{"x":-0.07688521593809128,"y":0.92280513048172,"z":-0.2542116641998291,"w":-0.2790984511375427},"size":28.276229858398439,"orthographic":false}