{"cameraMode":{"drawMode":0,"name":"Shaded","section":"Shading Mode"},"sceneLighting":true,"audioPlay":false,"sceneViewState":{"showFog":true,"showMaterialUpdate":true,"showSkybox":true,"showFlares":true,"showImageEffects":true,"showParticleSystems":true},"in2DMode":false,"pivot":{"x":208.7824249267578,"y":7.382602691650391,"z":-139.94961547851563},"rotation":{"x":0.16486811637878419,"y":-0.500806987285614,"z":0.09782101958990097,"w":0.8440628051757813},"size":91.22737884521485,"orthographic":false}