{"cameraMode":{"drawMode":0,"name":"Shaded","section":"Shading Mode"},"sceneLighting":false,"audioPlay":false,"sceneViewState":{"showFog":true,"showMaterialUpdate":true,"showSkybox":false,"showFlares":true,"showImageEffects":true,"showParticleSystems":true},"in2DMode":false,"pivot":{"x":-0.0000015348196029663086,"y":0.0000031441450119018556,"z":0.0000026971101760864259},"rotation":{"x":0.15725821256637574,"y":-0.07694526761770249,"z":0.01229102723300457,"w":0.9844790101051331},"size":0.43302875757217409,"orthographic":true}