{"cameraMode":{"drawMode":0,"name":"Shaded","section":"Shading Mode"},"sceneLighting":true,"audioPlay":false,"sceneViewState":{"showFog":true,"showMaterialUpdate":true,"showSkybox":true,"showFlares":true,"showImageEffects":true,"showParticleSystems":true},"in2DMode":false,"pivot":{"x":-0.76708984375,"y":-307.58978271484377,"z":-3.13232421875},"rotation":{"x":0.05404091253876686,"y":-0.7050387263298035,"z":0.05404094234108925,"w":0.7050387263298035},"size":3561.800048828125,"orthographic":true}