{"cameraMode":{"drawMode":0,"name":"Shaded","section":"Shading Mode"},"sceneLighting":false,"audioPlay":false,"sceneViewState":{"showFog":false,"showMaterialUpdate":false,"showSkybox":false,"showFlares":false,"showImageEffects":false,"showParticleSystems":false},"in2DMode":false,"pivot":{"x":-123.97496032714844,"y":121.98812866210938,"z":-162.8052978515625},"rotation":{"x":0.5348236560821533,"y":0.036730337888002399,"z":-0.023279529064893724,"w":0.8438439965248108},"size":745.8956298828125,"orthographic":true}