{"cameraMode":{"drawMode":0,"name":"Shaded","section":"Shading Mode"},"sceneLighting":false,"audioPlay":false,"sceneViewState":{"showFog":false,"showMaterialUpdate":false,"showSkybox":false,"showFlares":false,"showImageEffects":false,"showParticleSystems":false},"in2DMode":false,"pivot":{"x":87.56635284423828,"y":-7.378082275390625,"z":-635.7974243164063},"rotation":{"x":0.10868121683597565,"y":0.005964286625385284,"z":-0.0006517648580484092,"w":0.9940580129623413},"size":974.2886352539063,"orthographic":true}