{"cameraMode":{"drawMode":0,"name":"Shaded","section":"Shading Mode"},"sceneLighting":true,"audioPlay":false,"sceneViewState":{"showFog":true,"showMaterialUpdate":true,"showSkybox":true,"showFlares":true,"showImageEffects":true,"showParticleSystems":true},"in2DMode":false,"pivot":{"x":430.1722412109375,"y":-0.01362687349319458,"z":-206.00868225097657},"rotation":{"x":-0.10040095448493958,"y":0.8994957804679871,"z":-0.29340851306915285,"w":-0.3077971339225769},"size":1513.774658203125,"orthographic":false}