{"cameraMode":{"drawMode":0,"name":"Shaded","section":"Shading Mode"},"sceneLighting":false,"audioPlay":false,"sceneViewState":{"showFog":false,"showMaterialUpdate":false,"showSkybox":false,"showFlares":false,"showImageEffects":false,"showParticleSystems":false},"in2DMode":false,"pivot":{"x":29.338146209716798,"y":-52.6671142578125,"z":-321.8326110839844},"rotation":{"x":0.22239865362644196,"y":-0.03216680511832237,"z":0.007341783028095961,"w":0.974397599697113},"size":274.4771728515625,"orthographic":true}