{"cameraMode":{"drawMode":0,"name":"Shaded","section":"Shading Mode"},"sceneLighting":false,"audioPlay":false,"sceneViewState":{"showFog":true,"showMaterialUpdate":false,"showSkybox":true,"showFlares":true,"showImageEffects":true,"showParticleSystems":true},"in2DMode":false,"pivot":{"x":101.06285095214844,"y":-10.924370765686036,"z":-632.778076171875},"rotation":{"x":-0.034878335893154147,"y":0.9549148082733154,"z":-0.2673797905445099,"w":-0.1247047483921051},"size":2.5308120250701906,"orthographic":false}