{"cameraMode":{"drawMode":0,"name":"Shaded","section":"Shading Mode"},"sceneLighting":false,"audioPlay":false,"sceneViewState":{"showFog":true,"showMaterialUpdate":false,"showSkybox":true,"showFlares":true,"showImageEffects":true,"showParticleSystems":true},"in2DMode":false,"pivot":{"x":778.5687255859375,"y":281.52886962890627,"z":568.3532104492188},"rotation":{"x":-0.1140475645661354,"y":0.015494631603360176,"z":-0.0017785512609407306,"w":-0.9933555722236633},"size":551.7914428710938,"orthographic":false}