{"cameraMode":{"drawMode":0,"name":"Shaded","section":"Shading Mode"},"sceneLighting":false,"audioPlay":false,"sceneViewState":{"showFog":true,"showMaterialUpdate":false,"showSkybox":true,"showFlares":true,"showImageEffects":true,"showParticleSystems":true},"in2DMode":false,"pivot":{"x":-20.1064453125,"y":-29.68663787841797,"z":154.1685791015625},"rotation":{"x":0.033675629645586017,"y":0.8331448435783386,"z":0.05104449763894081,"w":-0.5496675968170166},"size":984.1741333007813,"orthographic":false}